,pais,ciudad,fechaNacimiento,apellido,nombre,genero,correo,lastLogin,pass_word
0,Colombia,Bello,1978-05-14,Velásquez,María,M,maria0@awaq.org,2024-04-06 15:10:07,0
1,Colombia,Ibagué,1986-12-25,Mora,María,M,maria1@awaq.org,2024-04-08 20:07:25,1
2,Colombia,Bogotá,1999-09-26,Silva,Alanna,M,alanna2@awaq.org,2024-04-09 04:03:30,2
3,Colombia,Soacha,1977-04-11,Molina,Abigaíl,M,abigail3@awaq.org,2024-04-05 13:26:21,3
4,Colombia,Bogotá,1979-02-27,Bedoya,Mía,M,mia4@awaq.org,2024-04-07 08:40:07,4
5,Colombia,Riohacha,1984-08-15,Sierra,Emilia,M,emilia5@awaq.org,2024-04-07 05:01:19,5
6,Colombia,Cali,1986-07-15,Ospina,Evelyn,M,evelyn6@awaq.org,2024-04-09 02:16:14,6
7,Colombia,Bogotá,1972-07-15,López,Alma,M,alma7@awaq.org,2024-04-06 04:12:44,7
8,Colombia,Bogotá,1994-12-26,Hurtado,Paulina,M,paulina8@awaq.org,2024-04-05 02:38:40,8
9,Colombia,Envigado,1993-11-21,Gómez,Fátima,M,fatima9@awaq.org,2024-04-07 17:48:13,9
10,Colombia,Bogotá,1970-08-27,Romero,María,M,maria10@awaq.org,2024-04-07 16:33:15,10
11,Colombia,Medellín,1979-05-14,Cruz,Abby,M,abby11@awaq.org,2024-04-05 11:32:53,11
12,Colombia,Itagüí,1972-07-22,Guzmán,Julieta,M,julieta12@awaq.org,2024-04-07 16:00:06,12
13,Colombia,Floridablanca,1993-09-30,Ríos,María,M,maria13@awaq.org,2024-04-08 00:46:33,13
14,Colombia,Medellín,1992-08-22,Patiño,Danna,M,danna14@awaq.org,2024-04-09 05:11:08,14
15,Colombia,Cali,1978-04-18,Vega,Valeria,M,valeria15@awaq.org,2024-04-09 17:19:47,15
16,Colombia,Cali,1970-02-16,Rivera,Evangeline,M,evangeline16@awaq.org,2024-04-07 12:06:10,16
17,Colombia,Bogotá,1994-11-01,Cárdenas,Valery,M,valery17@awaq.org,2024-04-06 18:40:42,17
18,Colombia,Itagüí,1983-06-22,Marín,Alma,M,alma18@awaq.org,2024-04-06 00:23:02,18
19,Colombia,Cartago,1970-03-20,Pérez,Valentina,M,valentina19@awaq.org,2024-04-04 12:49:24,19
20,Colombia,Bogotá,1987-03-23,Ortega,Dulce,M,dulce20@awaq.org,2024-04-06 11:15:22,20
21,Colombia,Valledupar,1981-09-17,Mosquera,Julieta,M,julieta21@awaq.org,2024-04-07 21:07:02,21
22,Colombia,Bogotá,1979-05-26,López,Emma,M,emma22@awaq.org,2024-04-09 17:51:20,22
23,Colombia,Bogotá,1987-11-06,Martínez,Julieta,M,julieta23@awaq.org,2024-04-05 12:04:54,23
24,Colombia,Bogotá,1972-10-09,Zapata,Dulce,M,dulce24@awaq.org,2024-04-06 16:18:42,24
25,Colombia,Cali,1998-08-09,Guerrero,Luna,M,luna25@awaq.org,2024-04-09 15:24:39,25
26,Colombia,Bogotá,1992-09-07,Montoya,Elizabeth,M,elizabeth26@awaq.org,2024-04-09 19:04:13,26
27,Colombia,Bogotá,1987-04-26,Ospina,Luna,M,luna27@awaq.org,2024-04-09 23:24:08,27
28,Colombia,Bello,1988-07-10,Méndez,Antonia,M,antonia28@awaq.org,2024-04-04 05:54:36,28
29,Colombia,Cali,1971-04-11,Rojas,Isabella,M,isabella29@awaq.org,2024-04-05 20:40:29,29
30,Colombia,Medellín,1978-08-09,Romero,Alicia,M,alicia30@awaq.org,2024-04-05 14:19:12,30
31,Colombia,Pitalito,1990-06-13,Zapata,Abril,M,abril31@awaq.org,2024-04-04 07:08:56,31
32,Colombia,Medellín,1988-09-06,Gutiérrez,Emma,M,emma32@awaq.org,2024-04-04 13:17:21,32
33,Colombia,Armenia,1995-11-06,Mejía,Evangeline,M,evangeline33@awaq.org,2024-04-08 04:11:03,33
34,Colombia,Maicao,1998-07-22,Quintero,Samara,M,samara34@awaq.org,2024-04-08 05:28:10,34
35,Colombia,Medellín,1995-11-04,Pérez,Guadalupe,M,guadalupe35@awaq.org,2024-04-08 10:28:14,35
36,Colombia,San Juan de Pasto,1976-12-09,Patiño,Lucía,M,lucia36@awaq.org,2024-04-07 08:05:52,36
37,Colombia,Cartagena,1978-06-14,Valencia,Arianna,M,arianna37@awaq.org,2024-04-09 22:35:11,37
38,Colombia,Cali,1971-08-11,Agudelo,Hellen,M,hellen38@awaq.org,2024-04-09 00:27:30,38
39,Colombia,Bogotá,1985-02-26,Hurtado,Susana,M,susana39@awaq.org,2024-04-04 03:40:07,39
40,Colombia,Guadalajara de Buga,1978-10-23,Jiménez,Emilia,M,emilia40@awaq.org,2024-04-03 15:26:21,40
41,Colombia,Cali,1985-11-23,Velásquez,Aitana,M,aitana41@awaq.org,2024-04-03 15:42:55,41
42,Colombia,Bogotá,1978-01-11,Giraldo,Valery,M,valery42@awaq.org,2024-04-09 13:46:26,42
43,Colombia,Tuluá,1997-06-30,Parra,Arianna,M,arianna43@awaq.org,2024-04-04 08:21:30,43
44,Colombia,Cúcuta,1999-08-17,Cardona,Sofía,M,sofia44@awaq.org,2024-04-05 12:54:16,44
45,Colombia,Bogotá,1982-10-01,Cardona,Mariángel,M,mariangel45@awaq.org,2024-04-09 14:14:42,45
46,Colombia,Bogotá,1972-01-18,Bedoya,Ana,M,ana46@awaq.org,2024-04-08 19:16:36,46
47,Colombia,Neiva,1987-09-17,Contreras,Amelia,M,amelia47@awaq.org,2024-04-08 16:41:11,47
48,Colombia,Barranquilla,1995-03-22,Castillo,Helena,M,helena48@awaq.org,2024-04-07 04:56:06,48
49,Colombia,Bogotá,1970-11-06,Beltrán,Emilia,M,emilia49@awaq.org,2024-04-06 18:55:07,49
50,Colombia,Neiva,1981-08-20,León,Julieta,M,julieta50@awaq.org,2024-04-07 10:29:07,50
51,Colombia,Cali,1989-05-15,Guerrero,Emma,M,emma51@awaq.org,2024-04-06 21:46:36,51
52,Colombia,Itagüí,1987-12-19,Delgado,Lucía,M,lucia52@awaq.org,2024-04-06 11:14:31,52
53,Colombia,Sabanalarga,1982-09-13,Guzmán,María,M,maria53@awaq.org,2024-04-04 03:54:33,53
54,Colombia,Ibagué,1974-05-03,Henao,Annie,M,annie54@awaq.org,2024-04-08 17:15:40,54
55,Colombia,Soledad,1989-08-02,Castillo,Milagros,M,milagros55@awaq.org,2024-04-09 06:16:01,55
56,Colombia,Bogotá,1980-01-08,Ávila,Ashley,M,ashley56@awaq.org,2024-04-05 13:06:07,56
57,Colombia,Ipiales,1993-11-01,Pérez,Eimy,M,eimy57@awaq.org,2024-04-07 18:20:51,57
58,Colombia,Bogotá,1998-04-10,Velásquez,Amelia,M,amelia58@awaq.org,2024-04-08 00:55:11,58
59,Colombia,Jamundí,1976-07-11,Garzón,Alma,M,alma59@awaq.org,2024-04-06 22:44:07,59
60,Colombia,Bogotá,1972-09-06,Cruz,Fátima,M,fatima60@awaq.org,2024-04-03 07:37:25,60
61,Colombia,Manizales,1981-07-19,Díaz,María,M,maria61@awaq.org,2024-04-09 09:08:55,61
62,Colombia,Cartagena,1973-01-25,Castañeda,Valentina,M,valentina62@awaq.org,2024-04-03 06:52:56,62
63,Colombia,Medellín,1973-02-28,Gil,Annie,M,annie63@awaq.org,2024-04-07 23:21:49,63
64,Colombia,Ibagué,1985-02-27,Rivera,Aurora,M,aurora64@awaq.org,2024-04-04 05:19:06,64
65,Colombia,Bogotá,1998-10-12,Zapata,Mariángel,M,mariangel65@awaq.org,2024-04-04 04:59:46,65
66,Colombia,Santa Cruz de Lorica,1986-01-23,Guerrero,Abril,M,abril66@awaq.org,2024-04-07 00:14:40,66
67,Colombia,Bogotá,1971-04-06,Escobar,Valentina,M,valentina67@awaq.org,2024-04-03 10:44:22,67
68,Colombia,Santa Cruz de Lorica,1987-08-27,Silva,Elizabeth,M,elizabeth68@awaq.org,2024-04-05 01:08:30,68
69,Colombia,Bogotá,1999-12-05,Acevedo,Guadalupe,M,guadalupe69@awaq.org,2024-04-07 06:26:31,69
70,Colombia,Barranquilla,1970-05-10,Carvajal,Isabella,M,isabella70@awaq.org,2024-04-06 03:25:13,70
71,Colombia,Bogotá,1996-06-02,Rincón,Ana,M,ana71@awaq.org,2024-04-06 04:28:22,71
72,Colombia,Caucasia,1975-06-28,Cortés,Ashley,M,ashley72@awaq.org,2024-04-04 01:14:10,72
73,Colombia,Sincelejo,1978-11-19,Gómez,Alaia,M,alaia73@awaq.org,2024-04-06 19:30:08,73
74,Colombia,Barranquilla,1985-11-20,Gómez,Fátima,M,fatima74@awaq.org,2024-04-04 19:05:42,74
75,Colombia,Fusagasugá,1971-09-15,Zapata,Elizabeth,M,elizabeth75@awaq.org,2024-04-06 08:33:52,75
76,Colombia,Neiva,1999-12-17,Zapata,Emily,M,emily76@awaq.org,2024-04-05 05:50:46,76
77,Colombia,Cartagena,1984-07-28,Giraldo,Abril,M,abril77@awaq.org,2024-04-07 15:55:21,77
78,Colombia,Medellín,1972-02-07,Guerrero,Helena,M,helena78@awaq.org,2024-04-03 16:05:28,78
79,Colombia,Bogotá,1991-12-07,Parra,Milagros,M,milagros79@awaq.org,2024-04-05 04:07:52,79
80,Colombia,Popayán,1974-02-07,Guzmán,Susana,M,susana80@awaq.org,2024-04-07 11:58:11,80
81,Colombia,Sincelejo,1980-12-07,García,Samantha,M,samantha81@awaq.org,2024-04-09 02:45:13,81
82,Colombia,Soacha,1992-06-12,Correa,Sara,M,sara82@awaq.org,2024-04-03 07:46:43,82
83,Colombia,Soacha,1999-02-11,Beltrán,Alaia,M,alaia83@awaq.org,2024-04-04 05:20:10,83
84,Colombia,Uribia,1993-11-06,Ramos,Susana,M,susana84@awaq.org,2024-04-03 12:06:42,84
85,Colombia,Bogotá,1984-09-15,Arango,Aitana,M,aitana85@awaq.org,2024-04-06 05:33:50,85
86,Colombia,Soledad,1983-07-23,Vega,Abril,M,abril86@awaq.org,2024-04-09 20:35:29,86
87,Colombia,Bucaramanga,1990-05-29,Gutiérrez,Zoe,M,zoe87@awaq.org,2024-04-06 01:13:12,87
88,Colombia,Medellín,1977-06-18,Jaramillo,Evelyn,M,evelyn88@awaq.org,2024-04-09 20:22:10,88
89,Colombia,Dosquebradas,1978-07-04,Cárdenas,Hellen,M,hellen89@awaq.org,2024-04-03 23:28:35,89
90,Colombia,Soacha,1985-02-06,Cortés,Valery,M,valery90@awaq.org,2024-04-07 10:54:43,90
91,Colombia,Santa Marta,1989-03-18,Ospina,Milagros,M,milagros91@awaq.org,2024-04-05 08:48:43,91
92,Colombia,Uribia,1997-10-18,Agudelo,Alaia,M,alaia92@awaq.org,2024-04-07 16:23:45,92
93,Colombia,Cali,1972-02-16,Agudelo,María,M,maria93@awaq.org,2024-04-06 12:04:20,93
94,Colombia,Bogotá,1982-01-13,Gutiérrez,Gabriela,M,gabriela94@awaq.org,2024-04-06 12:46:03,94
95,Colombia,Bogotá,1978-10-20,Franco,Montserrat,M,montserrat95@awaq.org,2024-04-07 13:16:21,95
96,Colombia,Soacha,1979-08-24,Martínez,Olivia,M,olivia96@awaq.org,2024-04-09 18:44:53,96
97,Colombia,Cúcuta,1985-07-29,Ávila,María,M,maria97@awaq.org,2024-04-06 07:30:43,97
98,Colombia,Buenaventura,1984-10-27,Cardona,Paulina,M,paulina98@awaq.org,2024-04-04 16:54:58,98
99,Colombia,Manizales,1991-05-26,Montoya,Zoe,M,zoe99@awaq.org,2024-04-09 07:49:15,99
100,Colombia,Bogotá,1992-01-18,Rivera,Simón,H,simon100@awaq.org,2024-04-05 02:18:16,100
101,Colombia,Uribia,1978-04-26,Fernández,Alejandro,H,alejandro101@awaq.org,2024-04-09 19:37:24,101
102,Colombia,Pereira,1992-07-28,Gómez,Martín,H,martin102@awaq.org,2024-04-09 21:56:52,102
103,Colombia,Bogotá,1985-05-23,Pineda,Miguel,H,miguel103@awaq.org,2024-04-09 23:38:13,103
104,Colombia,Medellín,1979-04-10,Martínez,Juan,H,juan104@awaq.org,2024-04-09 22:16:27,104
105,Colombia,Cali,1986-09-07,Orozco,Anthony,H,anthony105@awaq.org,2024-04-03 06:53:21,105
106,Colombia,Bucaramanga,1975-05-07,Castaño,Gerónimo,H,geronimo106@awaq.org,2024-04-04 12:24:58,106
107,Colombia,Manaure,1995-07-22,Silva,Tomás,H,tomas107@awaq.org,2024-04-08 22:22:45,107
108,Colombia,Bucaramanga,1980-05-29,Hurtado,Thiago,H,thiago108@awaq.org,2024-04-05 20:16:13,108
109,Colombia,Yumbo,1974-10-12,Londoño,Kylian,H,kylian109@awaq.org,2024-04-09 20:24:05,109
110,Colombia,Envigado,1992-10-20,Ríos,Ethan,H,ethan110@awaq.org,2024-04-03 11:34:13,110
111,Colombia,Tierralta,1976-11-10,Florez,Dylan,H,dylan111@awaq.org,2024-04-09 23:19:34,111
112,Colombia,Barranquilla,1979-04-06,Ruiz,Joaquín,H,joaquin112@awaq.org,2024-04-07 08:39:46,112
113,Colombia,Soledad,1997-05-27,Castaño,Santiago,H,santiago113@awaq.org,2024-04-06 11:21:22,113
114,Colombia,Bogotá,1983-11-04,Silva,Juan,H,juan114@awaq.org,2024-04-06 21:17:21,114
115,Colombia,Monteria,1982-05-29,Ortiz,Jacob,H,jacob115@awaq.org,2024-04-08 02:43:46,115
116,Colombia,Pereira,1992-09-29,Álvarez,Julián,H,julian116@awaq.org,2024-04-05 04:29:50,116
117,Colombia,Villavicencio,1982-04-11,Arias,Liam,H,liam117@awaq.org,2024-04-08 15:30:25,117
118,Colombia,Bogotá,1994-04-07,Lozano,Lorenzo,H,lorenzo118@awaq.org,2024-04-09 18:49:43,118
119,Colombia,Bello,1995-11-04,López,Salomón,H,salomon119@awaq.org,2024-04-05 02:49:20,119
120,Colombia,Barranquilla,1980-01-07,Ruiz,Eithan,H,eithan120@awaq.org,2024-04-07 20:43:03,120
121,Colombia,Soledad,1978-03-16,Escobar,Juan,H,juan121@awaq.org,2024-04-06 13:04:32,121
122,Colombia,Barranquilla,1983-05-05,Velásquez,Emanuel,H,emanuel122@awaq.org,2024-04-08 08:26:38,122
123,Colombia,Santa Marta,1971-08-13,Marín,Miguel,H,miguel123@awaq.org,2024-04-08 15:54:22,123
124,Colombia,Pereira,1996-05-07,Pérez,Benjamín,H,benjamin124@awaq.org,2024-04-05 23:20:28,124
125,Colombia,Bogotá,1975-02-16,Parra,Adrián,H,adrian125@awaq.org,2024-04-03 12:51:53,125
126,Colombia,Bogotá,1975-03-14,Calderón,Emanuel,H,emanuel126@awaq.org,2024-04-07 06:08:50,126
127,Colombia,Chía,1999-07-11,Ramos,Eithan,H,eithan127@awaq.org,2024-04-05 07:12:34,127
128,Colombia,Bogotá,1984-06-05,Beltrán,Salomón,H,salomon128@awaq.org,2024-04-06 00:37:23,128
129,Colombia,Bello,1974-05-04,Bedoya,Juan,H,juan129@awaq.org,2024-04-08 11:37:00,129
130,Colombia,Villavicencio,1997-07-14,Beltrán,Daniel,H,daniel130@awaq.org,2024-04-08 09:00:27,130
131,Colombia,Cartagena,1976-12-01,Marín,Jacob,H,jacob131@awaq.org,2024-04-05 15:45:52,131
132,Colombia,Itagüí,1974-10-12,Pineda,Jeremy,H,jeremy132@awaq.org,2024-04-07 09:59:22,132
133,Colombia,Medellín,1989-04-16,Ospina,Juan,H,juan133@awaq.org,2024-04-07 09:29:47,133
134,Colombia,Cúcuta,1987-11-28,Zapata,Felipe,H,felipe134@awaq.org,2024-04-09 10:30:41,134
135,Colombia,Bogotá,1971-08-25,Jiménez,Miguel,H,miguel135@awaq.org,2024-04-07 14:34:48,135
136,Colombia,Dosquebradas,1971-05-15,Londoño,Juan,H,juan136@awaq.org,2024-04-08 08:17:05,136
137,Colombia,Palmira,1992-06-22,Franco,Felipe,H,felipe137@awaq.org,2024-04-09 18:13:55,137
138,Colombia,Santa Marta,1983-01-03,Guerrero,Juan,H,juan138@awaq.org,2024-04-03 03:56:38,138
139,Colombia,Bogotá,1981-05-15,Calderón,Juan,H,juan139@awaq.org,2024-04-09 23:34:32,139
140,Colombia,Bucaramanga,1983-03-26,Mosquera,Jeremías,H,jeremias140@awaq.org,2024-04-05 04:06:02,140
141,Colombia,Bogotá,1991-11-06,Rivera,Liam,H,liam141@awaq.org,2024-04-06 13:24:16,141
142,Colombia,Pereira,1972-12-14,Gómez,Abraham,H,abraham142@awaq.org,2024-04-07 09:18:14,142
143,Colombia,Barranquilla,1978-07-13,Jiménez,Samuel,H,samuel143@awaq.org,2024-04-06 14:31:07,143
144,Colombia,Envigado,1988-03-24,Caicedo,Ángel,H,angel144@awaq.org,2024-04-06 09:14:55,144
145,Colombia,Guadalajara de Buga,1989-04-09,Henao,Máximo,H,maximo145@awaq.org,2024-04-03 18:57:24,145
146,Colombia,Cartago,1996-09-12,Londoño,Milan,H,milan146@awaq.org,2024-04-03 04:20:09,146
147,Colombia,Bogotá,1974-12-19,Mendoza,Thiago,H,thiago147@awaq.org,2024-04-08 06:16:49,147
148,Colombia,Bogotá,1981-12-29,Álvarez,Dylan,H,dylan148@awaq.org,2024-04-06 20:56:27,148
149,Colombia,Buenaventura,1997-11-08,Osorio,Dylan,H,dylan149@awaq.org,2024-04-03 23:28:43,149
150,Colombia,Manaure,1999-09-14,Ríos,Dominic,H,dominic150@awaq.org,2024-04-03 08:34:17,150
151,Colombia,Bogotá,1976-03-20,Cano,Samuel,H,samuel151@awaq.org,2024-04-09 15:18:53,151
152,Colombia,Barranquilla,1977-04-05,Londoño,Ángel,H,angel152@awaq.org,2024-04-07 15:15:17,152
153,Colombia,Bogotá,1991-10-28,Herrera,Eithan,H,eithan153@awaq.org,2024-04-07 10:04:36,153
154,Colombia,San Juan de Girón,1995-01-09,Córdoba,Ismael,H,ismael154@awaq.org,2024-04-06 17:03:08,154
155,Colombia,Bogotá,1996-09-20,Acevedo,Cristopher,H,cristopher155@awaq.org,2024-04-07 14:48:34,155
156,Colombia,Piedecuesta,1982-08-14,Cardona,Miguel,H,miguel156@awaq.org,2024-04-04 18:43:29,156
157,Colombia,Medellín,1973-08-30,Romero,Tomás,H,tomas157@awaq.org,2024-04-06 21:07:29,157
158,Colombia,Bogotá,1984-09-21,Orozco,Miguel,H,miguel158@awaq.org,2024-04-04 21:17:54,158
159,Colombia,Bogotá,1997-11-12,Quintero,Antonio,H,antonio159@awaq.org,2024-04-08 05:37:32,159
160,Colombia,Medellín,1990-06-06,Padilla,Miguel,H,miguel160@awaq.org,2024-04-09 10:38:30,160
161,Colombia,Medellín,1972-07-16,Herrera,Juan,H,juan161@awaq.org,2024-04-04 15:35:05,161
162,Colombia,Bogotá,1986-10-06,Acosta,Liam,H,liam162@awaq.org,2024-04-03 23:08:11,162
163,Colombia,Bogotá,1974-09-08,Gómez,Juan,H,juan163@awaq.org,2024-04-03 13:51:46,163
164,Colombia,Floridablanca,1985-03-20,Ramos,Juan,H,juan164@awaq.org,2024-04-07 08:30:27,164
165,Colombia,Bogotá,1982-05-08,Vásquez,Cristopher,H,cristopher165@awaq.org,2024-04-09 04:29:20,165
166,Colombia,Bogotá,1976-08-22,Ospina,Lucas,H,lucas166@awaq.org,2024-04-07 04:24:37,166
167,Colombia,Barranquilla,1998-09-16,Romero,Juan,H,juan167@awaq.org,2024-04-07 21:42:20,167
168,Colombia,Cali,1974-07-02,Garzón,Juan,H,juan168@awaq.org,2024-04-07 08:15:54,168
169,Colombia,Bogotá,1970-08-24,Álvarez,Emanuel,H,emanuel169@awaq.org,2024-04-05 05:20:38,169
170,Colombia,Tunja,1989-10-04,Patiño,Oliver,H,oliver170@awaq.org,2024-04-03 13:02:06,170
171,Colombia,Bucaramanga,1981-10-30,López,Dylan,H,dylan171@awaq.org,2024-04-04 00:46:20,171
172,Colombia,Bogotá,1993-10-16,Delgado,Martín,H,martin172@awaq.org,2024-04-05 10:02:15,172
173,Colombia,Medellín,1993-12-03,Méndez,Luciano,H,luciano173@awaq.org,2024-04-07 01:51:54,173
174,Colombia,Bogotá,1972-03-28,Hernández,Lucas,H,lucas174@awaq.org,2024-04-05 17:19:44,174
175,Colombia,Uribia,1979-09-12,Agudelo,Sebastián,H,sebastian175@awaq.org,2024-04-07 11:03:39,175
176,Colombia,Cali,1994-04-28,Arias,Salomón,H,salomon176@awaq.org,2024-04-09 09:45:35,176
177,Colombia,Bogotá,1975-07-14,Gil,Eithan,H,eithan177@awaq.org,2024-04-03 23:16:42,177
178,Colombia,Tierralta,1993-09-05,Mosquera,Gael,H,gael178@awaq.org,2024-04-05 13:01:02,178
179,Colombia,Villavicencio,1979-06-17,Contreras,Lorenzo,H,lorenzo179@awaq.org,2024-04-05 04:42:43,179
180,Colombia,Cúcuta,1983-11-15,Suárez,Simón,H,simon180@awaq.org,2024-04-09 16:22:41,180
181,Colombia,Manizales,1977-06-22,Cano,Ángel,H,angel181@awaq.org,2024-04-08 01:47:33,181
182,Colombia,Bucaramanga,1974-09-03,Díaz,Tomás,H,tomas182@awaq.org,2024-04-03 13:29:57,182
183,Colombia,Jamundí,1972-02-19,Mora,Adrián,H,adrian183@awaq.org,2024-04-06 09:11:36,183
184,Colombia,Bogotá,1972-06-01,Rojas,Emiliano,H,emiliano184@awaq.org,2024-04-05 11:15:27,184
185,Colombia,Villavicencio,1980-06-17,Parra,Tomás,H,tomas185@awaq.org,2024-04-05 02:21:41,185
186,Colombia,Valledupar,1995-02-15,Gutiérrez,Salvador,H,salvador186@awaq.org,2024-04-04 18:34:51,186
187,Colombia,Valledupar,1990-07-06,León,Juan,H,juan187@awaq.org,2024-04-09 22:49:09,187
188,Colombia,Quibdó,1974-08-30,López,Samuel,H,samuel188@awaq.org,2024-04-04 05:17:18,188
189,Colombia,Cali,1999-10-09,Henao,Luciano,H,luciano189@awaq.org,2024-04-05 13:54:06,189
190,Colombia,Cartagena,1975-07-30,Torres,Ángel,H,angel190@awaq.org,2024-04-07 00:10:43,190
191,Colombia,Bello,1999-01-03,Quintero,Dylan,H,dylan191@awaq.org,2024-04-08 12:37:11,191
192,Colombia,Cali,1994-09-19,Reyes,Daniel,H,daniel192@awaq.org,2024-04-07 14:43:13,192
193,Colombia,Barranquilla,1974-07-13,Beltrán,Gerónimo,H,geronimo193@awaq.org,2024-04-08 10:27:39,193
194,Colombia,Cartagena,1976-01-12,Molina,Agustín,H,agustin194@awaq.org,2024-04-04 13:00:45,194
195,Colombia,Soledad,1990-11-24,Murillo,Matías,H,matias195@awaq.org,2024-04-09 04:00:31,195
196,Colombia,Bogotá,1976-05-30,Díaz,Esteban,H,esteban196@awaq.org,2024-04-05 06:45:45,196
197,Colombia,Dosquebradas,1972-02-28,Jiménez,Antonio,H,antonio197@awaq.org,2024-04-09 10:06:39,197
198,Colombia,Barranquilla,1980-07-15,Lozano,Juan,H,juan198@awaq.org,2024-04-04 12:03:00,198
199,Colombia,Envigado,1996-07-27,Guzmán,Lorenzo,H,lorenzo199@awaq.org,2024-04-08 02:15:00,199
